filename,width,height,class,xmin,ymin,xmax,ymax
image-1.jpg,800,600,vehicle,592,320,758,404
image-1.jpg,800,600,vehicle,520,334,546,352
image-1.jpg,800,600,tree,99,9,170,398
image-1.jpg,800,600,tree,250,7,273,363
image-1.jpg,800,600,tree,389,10,406,351
image-1.jpg,800,600,pole,347,168,371,358
image-1.jpg,800,600,pole,701,153,731,332
image-1.jpg,800,600,pole,574,263,590,358
image-10.jpg,800,600,vehicle,574,318,708,389
image-10.jpg,800,600,vehicle,234,325,271,346
image-10.jpg,800,600,vehicle,444,333,469,349
image-10.jpg,800,600,vehicle,501,328,536,346
image-10.jpg,800,600,vehicle,409,322,431,334
image-100.jpg,800,600,vehicle,418,320,435,342
image-100.jpg,800,600,vehicle,470,329,484,342
image-100.jpg,800,600,vehicle,383,327,398,343
image-101.jpg,800,600,vehicle,412,329,434,341
image-102.jpg,800,600,vehicle,293,330,351,365
image-102.jpg,800,600,pole,208,162,235,365
image-102.jpg,800,600,pole,132,248,143,341
image-102.jpg,800,600,vehicle,56,308,83,325
image-102.jpg,800,600,tree,448,163,463,338
image-102.jpg,800,600,tree,380,182,395,335
image-102.jpg,800,600,tree,606,146,619,346
image-102.jpg,800,600,tree,270,212,281,324
image-103.jpg,800,600,pole,280,76,306,348
image-103.jpg,800,600,pole,361,233,370,334
image-103.jpg,800,600,pole,401,271,412,335
image-103.jpg,800,600,vehicle,436,309,472,334
image-103.jpg,800,600,tree,136,93,151,203
image-104.jpg,800,600,pole,324,22,371,359
image-104.jpg,800,600,pole,197,277,211,351
image-104.jpg,800,600,pole,485,296,501,349
image-104.jpg,800,600,pole,408,282,424,350
image-105.jpg,800,600,pole,222,26,282,300
image-105.jpg,800,600,pole,556,105,586,255
image-105.jpg,800,600,pole,237,180,255,272
image-105.jpg,800,600,pole,397,191,408,267
image-105.jpg,800,600,vehicle,30,285,149,335
image-105.jpg,800,600,vehicle,495,241,603,312
image-105.jpg,800,600,vehicle,424,245,493,293
image-105.jpg,800,600,vehicle,312,251,352,283
image-105.jpg,800,600,vehicle,294,253,314,272
image-106.jpg,800,600,pole,290,86,314,366
image-106.jpg,800,600,pole,399,209,414,342
image-106.jpg,800,600,pole,114,199,122,361
image-106.jpg,800,600,pole,166,249,182,351
image-106.jpg,800,600,pole,624,195,640,320
image-106.jpg,800,600,pole,461,244,472,330
image-106.jpg,800,600,pole,572,250,586,338
image-106.jpg,800,600,tree,191,174,207,340
image-106.jpg,800,600,tree,382,209,391,332
image-106.jpg,800,600,tree,233,188,248,338
image-106.jpg,800,600,tree,350,191,360,329
image-106.jpg,800,600,vehicle,586,315,800,427
image-106.jpg,800,600,vehicle,542,315,565,336
image-106.jpg,800,600,vehicle,429,320,455,335
image-107.jpg,800,600,pole,432,15,479,380
image-107.jpg,800,600,pole,689,196,711,378
image-107.jpg,800,600,pole,594,275,611,359
image-107.jpg,800,600,pole,632,298,645,362
image-107.jpg,800,600,pole,764,288,781,376
image-107.jpg,800,600,pole,261,230,276,335
image-107.jpg,800,600,pole,140,166,163,339
image-107.jpg,800,600,person,98,286,122,333
image-107.jpg,800,600,person,343,312,360,341
image-107.jpg,800,600,person,363,312,378,344
image-107.jpg,800,600,pole,180,228,197,336
image-108.jpg,800,600,pole,158,67,189,358
image-108.jpg,800,600,pole,342,253,354,351
image-108.jpg,800,600,vehicle,426,329,445,346
image-108.jpg,800,600,vehicle,396,327,414,344
image-109.jpg,800,600,vehicle,8,274,222,436
image-109.jpg,800,600,vehicle,282,315,377,372
image-11.jpg,800,600,vehicle,218,291,365,389
image-11.jpg,800,600,vehicle,381,308,413,335
image-11.jpg,800,600,tree,461,111,624,314
image-110.jpg,800,600,vehicle,345,327,393,359
image-110.jpg,800,600,vehicle,319,328,349,353
image-110.jpg,800,600,pole,481,244,508,354
image-110.jpg,800,600,pole,275,174,292,357
image-110.jpg,800,600,pole,250,269,260,353
image-110.jpg,800,600,pole,30,232,58,362
image-110.jpg,800,600,pole,196,295,206,351
image-111.jpg,800,600,pole,262,165,285,359
image-111.jpg,800,600,vehicle,357,323,385,374
image-111.jpg,800,600,vehicle,276,330,298,349
image-111.jpg,800,600,pole,119,301,132,351
image-111.jpg,800,600,pole,295,300,305,346
image-111.jpg,800,600,pole,240,267,248,343
image-112.jpg,800,600,vehicle,201,332,240,362
image-112.jpg,800,600,vehicle,446,339,485,362
image-112.jpg,800,600,vehicle,374,341,406,362
image-112.jpg,800,600,vehicle,427,349,446,362
image-114.jpg,800,600,vehicle,340,312,424,341
image-114.jpg,800,600,vehicle,426,311,563,353
image-117.jpg,800,600,vehicle,357,340,398,363
image-117.jpg,800,600,pole,345,222,361,369
image-117.jpg,800,600,pole,552,206,587,377
image-117.jpg,800,600,pole,494,287,505,361
image-117.jpg,800,600,pole,585,301,593,357
image-118.jpg,800,600,pole,270,149,296,341
image-118.jpg,800,600,pole,411,291,424,344
image-118.jpg,800,600,pole,306,285,317,335
image-118.jpg,800,600,pole,513,298,523,349
image-118.jpg,800,600,vehicle,330,312,362,370
image-118.jpg,800,600,vehicle,464,331,490,352
image-119.jpg,800,600,vehicle,173,309,265,359
image-119.jpg,800,600,vehicle,324,324,364,349
image-119.jpg,800,600,vehicle,398,333,419,347
image-12.jpg,800,600,vehicle,402,334,466,379
image-12.jpg,800,600,vehicle,566,331,608,378
image-12.jpg,800,600,vehicle,644,349,680,371
image-12.jpg,800,600,vehicle,740,269,800,415
image-120.jpg,800,600,pole,273,8,304,379
image-120.jpg,800,600,pole,529,244,558,328
image-120.jpg,800,600,pole,119,248,144,362
image-120.jpg,800,600,pole,343,264,354,343
image-120.jpg,800,600,tree,217,254,235,345
image-120.jpg,800,600,vehicle,585,293,775,400
image-120.jpg,800,600,vehicle,501,323,567,362
image-120.jpg,800,600,vehicle,377,331,400,346
image-120.jpg,800,600,vehicle,410,331,433,347
image-120.jpg,800,600,tree,65,244,79,344
image-120.jpg,800,600,tree,11,241,28,348
image-121.jpg,800,600,pole,61,5,125,408
image-121.jpg,800,600,pole,677,64,725,370
image-121.jpg,800,600,pole,390,232,409,351
image-121.jpg,800,600,pole,227,262,242,357
image-121.jpg,800,600,pole,122,184,144,367
image-121.jpg,800,600,person,668,288,704,366
image-121.jpg,800,600,person,595,297,622,355
image-121.jpg,800,600,person,474,311,489,350
image-121.jpg,800,600,person,457,314,472,349
image-121.jpg,800,600,person,435,314,445,351
image-121.jpg,800,600,vehicle,293,331,325,354
image-121.jpg,800,600,tree,374,175,393,325
image-121.jpg,800,600,tree,611,72,640,291
image-121.jpg,800,600,tree,22,184,51,362
image-122.jpg,800,600,pole,503,11,537,435
image-122.jpg,800,600,pole,580,258,593,369
image-122.jpg,800,600,pole,719,290,727,361
image-122.jpg,800,600,person,763,345,775,372
image-122.jpg,800,600,person,540,331,556,373
image-122.jpg,800,600,person,561,341,567,357
image-122.jpg,800,600,vehicle,649,328,693,425
image-122.jpg,800,600,vehicle,610,346,651,374
image-123.jpg,800,600,pole,467,178,488,370
image-123.jpg,800,600,pole,214,246,224,360
image-123.jpg,800,600,pole,253,290,261,354
image-123.jpg,800,600,pole,340,304,349,350
image-123.jpg,800,600,person,66,325,86,377
image-123.jpg,800,600,person,90,322,114,376
image-123.jpg,800,600,person,142,327,163,372
image-123.jpg,800,600,person,186,330,201,357
image-123.jpg,800,600,vehicle,269,335,290,352
image-123.jpg,800,600,vehicle,314,336,336,349
image-123.jpg,800,600,tree,222,235,245,346
image-124.jpg,800,600,pole,612,50,633,399
image-124.jpg,800,600,pole,322,210,339,359
image-124.jpg,800,600,pole,424,289,433,348
image-124.jpg,800,600,vehicle,154,322,229,348
image-124.jpg,800,600,vehicle,483,333,502,347
image-124.jpg,800,600,person,597,320,613,367
image-124.jpg,800,600,person,351,322,364,349
image-125.jpg,800,600,tree,608,59,632,371
image-125.jpg,800,600,tree,490,243,503,348
image-125.jpg,800,600,tree,329,251,339,342
image-125.jpg,800,600,tree,343,262,353,339
image-125.jpg,800,600,tree,366,268,374,328
image-125.jpg,800,600,pole,644,96,661,380
image-125.jpg,800,600,pole,74,40,93,353
image-125.jpg,800,600,pole,506,272,522,356
image-125.jpg,800,600,pole,476,302,485,346
image-125.jpg,800,600,vehicle,193,325,270,358
image-125.jpg,800,600,vehicle,423,328,440,344
image-125.jpg,800,600,vehicle,450,328,464,341
image-125.jpg,800,600,person,677,330,693,375
image-125.jpg,800,600,person,578,329,588,358
image-125.jpg,800,600,person,557,327,572,357
image-126.jpg,800,600,vehicle,324,305,447,399
image-126.jpg,800,600,vehicle,90,329,202,370
image-126.jpg,800,600,vehicle,218,319,259,341
image-126.jpg,800,600,tree,527,51,563,348
image-126.jpg,800,600,pole,7,183,21,362
image-126.jpg,800,600,pole,35,264,55,370
image-126.jpg,800,600,pole,191,266,201,339
image-126.jpg,800,600,pole,256,276,266,314
image-126.jpg,800,600,pole,466,207,480,356
image-127.jpg,800,600,pole,596,237,622,422
image-127.jpg,800,600,pole,735,350,754,423
image-127.jpg,800,600,pole,148,361,159,438
image-127.jpg,800,600,vehicle,398,386,431,426
image-127.jpg,800,600,pole,548,348,569,422
image-127.jpg,800,600,pole,656,267,687,422
image-127.jpg,800,600,pole,251,378,269,427
image-127.jpg,800,600,person,692,380,708,420
image-127.jpg,800,600,person,767,366,795,422
image-128.jpg,800,600,person,418,333,428,357
image-128.jpg,800,600,pole,568,110,615,416
image-128.jpg,800,600,pole,8,241,27,390
image-128.jpg,800,600,pole,51,281,64,378
image-128.jpg,800,600,pole,136,286,150,372
image-128.jpg,800,600,pole,181,303,195,364
image-128.jpg,800,600,pole,549,231,566,378
image-128.jpg,800,600,vehicle,251,307,303,422
image-128.jpg,800,600,pole,371,301,385,361
image-129.jpg,800,600,tree,105,212,131,368
image-129.jpg,800,600,tree,586,215,611,357
image-129.jpg,800,600,pole,44,175,72,376
image-129.jpg,800,600,pole,522,256,542,351
image-129.jpg,800,600,pole,545,278,558,344
image-129.jpg,800,600,pole,188,285,197,353
image-129.jpg,800,600,vehicle,215,328,247,353
image-13.jpg,800,600,vehicle,3,251,122,338
image-13.jpg,800,600,vehicle,405,264,450,290
image-130.jpg,800,600,person,687,295,740,398
image-130.jpg,800,600,person,266,289,285,322
image-130.jpg,800,600,pole,107,93,145,376
image-130.jpg,800,600,pole,497,234,507,346
image-130.jpg,800,600,pole,336,209,348,296
image-130.jpg,800,600,vehicle,393,241,413,259
image-14.jpg,800,600,vehicle,450,301,583,389
image-141.jpg,800,600,vehicle,426,305,473,403
image-141.jpg,800,600,vehicle,512,323,563,354
image-141.jpg,800,600,vehicle,479,323,511,348
image-141.jpg,800,600,vehicle,278,329,297,345
image-141.jpg,800,600,vehicle,378,332,394,344
image-141.jpg,800,600,vehicle,405,330,420,342
image-141.jpg,800,600,pole,338,146,349,350
image-142.jpg,800,600,pole,348,87,367,343
image-142.jpg,800,600,vehicle,107,292,231,359
image-142.jpg,800,600,vehicle,483,307,523,332
image-142.jpg,800,600,vehicle,522,304,546,325
image-142.jpg,800,600,vehicle,612,297,624,317
image-142.jpg,800,600,vehicle,639,292,669,310
image-143.jpg,800,600,vehicle,361,333,432,383
image-143.jpg,800,600,pole,475,298,488,374
image-143.jpg,800,600,pole,324,217,335,367
image-143.jpg,800,600,pole,308,294,315,370
image-143.jpg,800,600,pole,176,293,183,366
image-143.jpg,800,600,pole,195,323,207,368
image-144.jpg,800,600,vehicle,612,250,761,334
image-144.jpg,800,600,vehicle,6,236,244,473
image-145.jpg,800,600,vehicle,395,307,466,356
image-145.jpg,800,600,person,665,292,710,378
image-145.jpg,800,600,person,616,302,648,356
image-145.jpg,800,600,person,583,292,609,349
image-145.jpg,800,600,person,571,288,587,343
image-145.jpg,800,600,person,552,295,575,348
image-145.jpg,800,600,person,526,294,551,348
image-145.jpg,800,600,person,45,308,61,366
image-145.jpg,800,600,person,62,304,87,370
image-145.jpg,800,600,person,116,308,134,360
image-145.jpg,800,600,person,197,312,212,346
image-146.jpg,800,600,pole,602,10,680,384
image-146.jpg,800,600,pole,122,221,147,359
image-146.jpg,800,600,pole,148,217,171,357
image-146.jpg,800,600,vehicle,6,298,243,590
image-146.jpg,800,600,vehicle,386,328,407,347
image-147.jpg,800,600,pole,632,73,669,372
image-147.jpg,800,600,pole,328,284,334,358
image-147.jpg,800,600,pole,566,250,577,362
image-147.jpg,800,600,tree,230,39,249,342
image-147.jpg,800,600,tree,139,202,151,305
image-147.jpg,800,600,person,205,320,226,364
image-147.jpg,800,600,person,607,316,628,372
image-147.jpg,800,600,person,340,333,348,358
image-147.jpg,800,600,person,521,330,532,357
image-148.jpg,800,600,pole,624,148,643,383
image-148.jpg,800,600,pole,718,9,746,402
image-148.jpg,800,600,pole,496,249,506,362
image-148.jpg,800,600,pole,159,180,181,360
image-148.jpg,800,600,vehicle,184,342,231,363
image-148.jpg,800,600,vehicle,407,350,422,361
image-148.jpg,800,600,vehicle,444,351,457,362
image-149.jpg,800,600,vehicle,187,291,278,348
image-149.jpg,800,600,vehicle,301,279,336,304
image-149.jpg,800,600,vehicle,340,304,426,374
image-149.jpg,800,600,vehicle,356,289,401,306
image-149.jpg,800,600,pole,668,13,688,383
image-149.jpg,800,600,pole,493,183,502,332
image-149.jpg,800,600,pole,428,181,441,301
image-149.jpg,800,600,tree,243,82,257,291
image-15.jpg,800,600,vehicle,201,260,458,470
image-15.jpg,800,600,vehicle,476,299,512,324
image-15.jpg,800,600,vehicle,522,300,561,330
image-15.jpg,800,600,tree,702,5,756,383
image-15.jpg,800,600,tree,205,9,230,284
image-150.jpg,800,600,pole,384,183,408,366
image-150.jpg,800,600,vehicle,6,337,89,382
image-150.jpg,800,600,vehicle,89,353,145,378
image-151.jpg,800,600,vehicle,340,328,439,389
image-151.jpg,800,600,tree,470,14,511,366
image-151.jpg,800,600,tree,345,139,357,326
image-151.jpg,800,600,tree,622,255,636,369
image-151.jpg,800,600,pole,185,246,195,355
image-152.jpg,800,600,vehicle,432,343,457,358
image-152.jpg,800,600,vehicle,388,345,412,357
image-153.jpg,800,600,vehicle,461,440,546,517
image-153.jpg,800,600,vehicle,477,407,522,428
image-153.jpg,800,600,pole,281,136,302,512
image-153.jpg,800,600,pole,570,356,612,562
image-153.jpg,800,600,pole,485,268,508,402
image-155.jpg,800,600,pole,316,98,334,342
image-155.jpg,800,600,tree,376,177,391,331
image-155.jpg,800,600,tree,547,55,578,365
image-155.jpg,800,600,tree,694,13,795,454
image-155.jpg,800,600,tree,517,151,541,333
image-155.jpg,800,600,tree,495,187,516,335
image-155.jpg,800,600,tree,438,219,451,330
image-156.jpg,800,600,tree,255,20,296,382
image-156.jpg,800,600,tree,554,13,602,381
image-156.jpg,800,600,tree,674,17,781,364
image-156.jpg,800,600,tree,65,10,142,340
image-156.jpg,800,600,vehicle,6,322,208,467
image-157.jpg,800,600,vehicle,339,261,358,277
image-157.jpg,800,600,vehicle,344,239,357,252
image-157.jpg,800,600,vehicle,330,243,342,253
image-157.jpg,800,600,tree,247,217,271,278
image-158.jpg,800,600,vehicle,518,325,647,406
image-158.jpg,800,600,tree,230,157,267,312
image-159.jpg,800,600,vehicle,282,330,417,421
image-16.jpg,800,600,vehicle,427,330,442,344
image-16.jpg,800,600,vehicle,365,331,380,341
image-160.jpg,800,600,pole,455,223,461,348
image-160.jpg,800,600,pole,524,149,546,343
image-160.jpg,800,600,tree,125,191,151,316
image-160.jpg,800,600,tree,595,119,612,363
image-160.jpg,800,600,tree,294,249,302,319
image-160.jpg,800,600,tree,670,317,680,379
image-161.jpg,800,600,vehicle,50,350,164,414
image-161.jpg,800,600,pole,11,229,37,383
image-161.jpg,800,600,tree,343,209,359,312
image-161.jpg,800,600,tree,504,162,519,286
image-161.jpg,800,600,tree,749,78,767,218
image-161.jpg,800,600,tree,78,271,95,351
image-162.jpg,800,600,pole,428,198,443,286
image-162.jpg,800,600,pole,226,89,248,276
image-163.jpg,800,600,pole,169,127,201,363
image-163.jpg,800,600,pole,216,45,237,356
image-164.jpg,800,600,pole,511,31,561,416
image-164.jpg,800,600,pole,401,234,417,385
image-164.jpg,800,600,pole,363,287,378,370
image-164.jpg,800,600,pole,353,320,361,368
image-165.jpg,800,600,pole,119,13,155,403
image-165.jpg,800,600,pole,402,177,419,358
image-165.jpg,800,600,pole,516,232,526,352
image-165.jpg,800,600,pole,586,256,596,348
image-165.jpg,800,600,pole,626,231,636,357
image-165.jpg,800,600,vehicle,650,331,670,347
image-165.jpg,800,600,vehicle,606,332,619,345
image-165.jpg,800,600,vehicle,625,332,638,344
image-165.jpg,800,600,pole,22,196,36,372
image-166.jpg,800,600,vehicle,376,322,432,364
image-166.jpg,800,600,vehicle,447,325,471,343
image-166.jpg,800,600,pole,568,219,584,358
image-166.jpg,800,600,tree,225,12,263,310
image-166.jpg,800,600,pole,275,103,290,315
image-167.jpg,800,600,tree,102,13,207,400
image-167.jpg,800,600,tree,367,152,404,360
image-167.jpg,800,600,tree,416,258,436,354
image-167.jpg,800,600,tree,439,270,456,347
image-167.jpg,800,600,pole,13,148,28,355
image-167.jpg,800,600,vehicle,504,334,524,350
image-168.jpg,800,600,vehicle,338,336,401,369
image-168.jpg,800,600,vehicle,264,336,280,349
image-168.jpg,800,600,pole,440,165,454,368
image-168.jpg,800,600,pole,348,292,356,343
image-168.jpg,800,600,tree,752,14,800,387
image-168.jpg,800,600,tree,535,256,551,355
image-168.jpg,800,600,tree,406,142,420,355
image-169.jpg,800,600,vehicle,246,319,326,367
image-169.jpg,800,600,vehicle,332,327,369,349
image-169.jpg,800,600,pole,548,117,565,383
image-169.jpg,800,600,pole,452,248,460,349
image-169.jpg,800,600,person,122,312,139,365
image-169.jpg,800,600,person,138,313,149,361
image-169.jpg,800,600,person,154,317,170,359
image-17.jpg,800,600,vehicle,5,269,121,404
image-17.jpg,800,600,vehicle,201,315,275,364
image-17.jpg,800,600,vehicle,445,323,491,351
image-17.jpg,800,600,vehicle,402,321,426,337
image-170.jpg,800,600,person,560,327,572,362
image-170.jpg,800,600,vehicle,399,333,473,363
image-170.jpg,800,600,vehicle,626,334,651,350
image-170.jpg,800,600,pole,372,157,394,366
image-170.jpg,800,600,pole,592,264,605,358
image-170.jpg,800,600,pole,522,285,530,352
image-170.jpg,800,600,pole,282,264,295,358
image-170.jpg,800,600,pole,181,256,187,362
image-170.jpg,800,600,tree,236,91,257,349
image-170.jpg,800,600,tree,682,86,702,331
image-170.jpg,800,600,tree,756,277,776,345
image-170.jpg,800,600,tree,79,156,96,348
image-171.jpg,800,600,tree,656,131,690,337
image-171.jpg,800,600,pole,520,189,533,373
image-171.jpg,800,600,pole,285,236,294,357
image-171.jpg,800,600,person,235,324,250,357
image-171.jpg,800,600,vehicle,340,331,373,351
image-171.jpg,800,600,vehicle,400,334,417,348
image-171.jpg,800,600,vehicle,382,334,393,344
image-172.jpg,800,600,vehicle,418,331,483,356
image-172.jpg,800,600,person,619,315,642,386
image-172.jpg,800,600,person,178,298,194,358
image-172.jpg,800,600,person,160,296,172,356
image-172.jpg,800,600,person,149,298,163,358
image-172.jpg,800,600,pole,293,203,307,362
image-172.jpg,800,600,pole,548,54,570,398
image-172.jpg,800,600,vehicle,499,332,510,351
image-172.jpg,800,600,vehicle,49,314,124,340
image-173.jpg,800,600,pole,27,10,91,431
image-173.jpg,800,600,pole,238,240,254,356
image-173.jpg,800,600,pole,97,231,109,366
image-173.jpg,800,600,pole,735,220,755,361
image-173.jpg,800,600,pole,536,295,547,350
image-173.jpg,800,600,tree,290,192,308,361
image-173.jpg,800,600,vehicle,356,331,387,352
image-173.jpg,800,600,vehicle,444,334,460,345
image-173.jpg,800,600,vehicle,478,333,495,346
image-173.jpg,800,600,vehicle,429,331,444,342
image-173.jpg,800,600,vehicle,502,327,513,338
image-173.jpg,800,600,pole,577,215,589,356
image-174.jpg,800,600,vehicle,565,272,769,367
image-174.jpg,800,600,vehicle,325,275,364,305
image-174.jpg,800,600,vehicle,390,262,414,279
image-174.jpg,800,600,pole,725,9,761,293
image-174.jpg,800,600,pole,180,197,206,308
image-174.jpg,800,600,pole,275,232,288,305
image-174.jpg,800,600,tree,60,10,95,322
image-174.jpg,800,600,tree,605,14,639,283
image-174.jpg,800,600,tree,523,99,548,299
image-175.jpg,800,600,pole,293,145,319,370
image-175.jpg,800,600,pole,555,237,573,379
image-175.jpg,800,600,pole,712,241,730,394
image-175.jpg,800,600,pole,420,239,431,347
image-175.jpg,800,600,pole,344,205,353,354
image-175.jpg,800,600,person,381,314,390,338
image-176.jpg,800,600,pole,543,288,577,435
image-176.jpg,800,600,pole,112,199,125,458
image-176.jpg,800,600,pole,517,301,531,403
image-176.jpg,800,600,pole,722,253,763,423
image-176.jpg,800,600,pole,373,307,383,385
image-176.jpg,800,600,pole,407,313,418,368
image-177.jpg,800,600,pole,596,40,647,408
image-177.jpg,800,600,pole,542,115,562,375
image-177.jpg,800,600,pole,15,40,37,392
image-177.jpg,800,600,pole,467,295,476,344
image-177.jpg,800,600,pole,326,269,336,350
image-177.jpg,800,600,pole,351,292,358,343
image-177.jpg,800,600,person,127,312,152,369
image-177.jpg,800,600,person,176,316,194,366
image-177.jpg,800,600,person,195,315,203,351
image-177.jpg,800,600,pole,455,251,463,351
image-177.jpg,800,600,pole,429,296,437,342
image-178.jpg,800,600,person,554,310,570,356
image-178.jpg,800,600,pole,459,210,481,365
image-178.jpg,800,600,pole,512,128,535,369
image-178.jpg,800,600,pole,148,240,172,366
image-178.jpg,800,600,pole,258,250,273,321
image-178.jpg,800,600,pole,494,237,505,308
image-178.jpg,800,600,pole,436,244,446,311
image-178.jpg,800,600,vehicle,370,290,384,303
image-179.jpg,800,600,vehicle,82,319,247,396
image-179.jpg,800,600,vehicle,434,330,465,343
image-179.jpg,800,600,pole,379,228,384,355
image-18.jpg,800,600,vehicle,398,338,432,363
image-18.jpg,800,600,vehicle,4,339,73,382
image-18.jpg,800,600,tree,141,71,171,363
image-18.jpg,800,600,vehicle,187,349,212,365
image-18.jpg,800,600,vehicle,371,349,391,362
image-18.jpg,800,600,tree,515,164,539,360
image-180.jpg,800,600,pole,567,93,580,366
image-180.jpg,800,600,pole,173,188,197,373
image-181.jpg,800,600,pole,145,163,166,365
image-181.jpg,800,600,pole,644,9,661,402
image-181.jpg,800,600,pole,488,248,505,359
image-181.jpg,800,600,pole,257,220,269,346
image-181.jpg,800,600,pole,424,270,429,345
image-181.jpg,800,600,vehicle,370,330,390,346
image-181.jpg,800,600,vehicle,411,331,426,344
image-181.jpg,800,600,tree,128,221,138,342
image-181.jpg,800,600,tree,188,252,199,342
image-182.jpg,800,600,tree,682,9,708,361
image-182.jpg,800,600,tree,12,151,65,328
image-182.jpg,800,600,tree,243,215,259,337
image-182.jpg,800,600,tree,384,193,393,351
image-182.jpg,800,600,tree,471,266,486,338
image-182.jpg,800,600,vehicle,435,308,690,417
image-182.jpg,800,600,person,696,349,715,390
image-182.jpg,800,600,person,407,319,420,354
image-183.jpg,800,600,pole,490,154,499,390
image-183.jpg,800,600,pole,482,292,489,356
image-183.jpg,800,600,pole,291,284,300,350
image-184.jpg,800,600,pole,590,102,623,354
image-184.jpg,800,600,pole,80,146,106,336
image-184.jpg,800,600,pole,512,203,523,327
image-184.jpg,800,600,pole,635,116,648,323
image-185.jpg,800,600,pole,120,172,153,381
image-185.jpg,800,600,pole,547,248,563,367
image-185.jpg,800,600,pole,670,133,696,390
image-185.jpg,800,600,pole,194,156,212,362
image-185.jpg,800,600,pole,331,284,340,354
image-185.jpg,800,600,pole,494,291,505,350
image-185.jpg,800,600,pole,481,308,486,351
image-185.jpg,800,600,person,264,333,274,358
image-185.jpg,800,600,person,512,331,524,349
image-186.jpg,800,600,person,472,300,492,351
image-186.jpg,800,600,pole,17,181,34,355
image-187.jpg,800,600,pole,178,18,196,367
image-187.jpg,800,600,pole,236,75,264,390
image-187.jpg,800,600,pole,567,216,589,369
image-187.jpg,800,600,pole,618,142,625,369
image-187.jpg,800,600,pole,360,262,369,354
image-187.jpg,800,600,pole,467,289,478,350
image-187.jpg,800,600,vehicle,389,332,406,348
image-187.jpg,800,600,person,495,329,506,349
image-188.jpg,800,600,pole,264,72,285,378
image-188.jpg,800,600,pole,754,143,784,385
image-188.jpg,800,600,pole,716,210,726,374
image-188.jpg,800,600,pole,305,196,324,346
image-188.jpg,800,600,pole,487,248,502,354
image-188.jpg,800,600,pole,510,270,517,343
image-188.jpg,800,600,pole,531,259,539,350
image-189.jpg,800,600,pole,410,62,423,399
image-189.jpg,800,600,pole,300,213,313,356
image-189.jpg,800,600,pole,84,216,99,342
image-189.jpg,800,600,pole,11,155,20,356
image-189.jpg,800,600,person,281,321,290,342
image-189.jpg,800,600,person,272,318,279,341
image-189.jpg,800,600,person,142,317,149,337
image-189.jpg,800,600,person,151,317,160,336
image-190.jpg,800,600,pole,679,193,695,363
image-190.jpg,800,600,pole,571,242,583,356
image-190.jpg,800,600,tree,763,26,795,361
image-191.jpg,800,600,vehicle,417,266,469,301
image-191.jpg,800,600,pole,325,190,335,285
image-191.jpg,800,600,pole,358,227,366,287
image-192.jpg,800,600,pole,74,117,94,424
image-192.jpg,800,600,pole,266,292,273,427
image-192.jpg,800,600,vehicle,390,357,487,435
image-192.jpg,800,600,vehicle,287,407,326,423
image-192.jpg,800,600,vehicle,331,411,369,427
image-193.jpg,800,600,vehicle,479,279,516,310
image-193.jpg,800,600,pole,307,207,318,366
image-193.jpg,800,600,pole,639,17,679,443
image-193.jpg,800,600,pole,534,214,544,298
image-194.jpg,800,600,pole,97,131,113,383
image-194.jpg,800,600,vehicle,373,336,451,385
image-194.jpg,800,600,tree,617,70,666,379
image-194.jpg,800,600,pole,255,310,261,384
image-195.jpg,800,600,pole,677,162,721,418
image-195.jpg,800,600,pole,63,217,91,412
image-195.jpg,800,600,tree,120,58,156,426
image-196.jpg,800,600,tree,210,11,291,388
image-196.jpg,800,600,pole,369,83,390,352
image-196.jpg,800,600,tree,400,185,413,324
image-196.jpg,800,600,vehicle,429,274,452,285
image-197.jpg,800,600,tree,118,23,213,404
image-197.jpg,800,600,tree,293,163,325,413
image-198.jpg,800,600,pole,368,105,416,397
image-198.jpg,800,600,vehicle,20,372,108,428
image-199.jpg,800,600,pole,546,181,557,373
image-199.jpg,800,600,pole,727,27,758,393
image-2.jpg,800,600,pole,229,16,250,371
image-2.jpg,800,600,pole,702,88,715,356
image-2.jpg,800,600,tree,79,220,95,338
image-2.jpg,800,600,tree,358,26,373,346
image-2.jpg,800,600,tree,384,64,396,346
image-2.jpg,800,600,tree,408,92,415,347
image-2.jpg,800,600,vehicle,687,304,800,432
image-2.jpg,800,600,vehicle,440,329,466,351
image-2.jpg,800,600,pole,533,251,544,352
image-2.jpg,800,600,tree,253,246,263,335
image-2.jpg,800,600,tree,158,264,177,341
image-2.jpg,800,600,tree,271,277,287,339
image-20.jpg,800,600,vehicle,113,335,143,352
image-20.jpg,800,600,tree,692,9,765,364
image-200.jpg,800,600,pole,125,60,152,381
image-200.jpg,800,600,vehicle,77,338,167,375
image-200.jpg,800,600,vehicle,391,332,422,346
image-200.jpg,800,600,pole,62,266,75,370
image-200.jpg,800,600,tree,270,64,298,362
image-200.jpg,800,600,tree,293,85,317,356
image-200.jpg,800,600,tree,320,136,336,349
image-200.jpg,800,600,pole,502,260,514,351
image-201.jpg,800,600,pole,437,146,449,384
image-201.jpg,800,600,vehicle,323,323,371,361
image-202.jpg,800,600,pole,637,11,674,408
image-202.jpg,800,600,pole,375,211,402,369
image-202.jpg,800,600,vehicle,571,320,637,362
image-203.jpg,800,600,pole,653,15,696,395
image-203.jpg,800,600,pole,72,47,100,402
image-203.jpg,800,600,pole,460,264,472,353
image-203.jpg,800,600,pole,511,222,526,358
image-203.jpg,800,600,vehicle,319,326,343,366
image-203.jpg,800,600,vehicle,415,325,453,355
image-203.jpg,800,600,vehicle,374,334,394,349
image-203.jpg,800,600,person,128,315,148,380
image-203.jpg,800,600,person,152,314,168,380
image-203.jpg,800,600,person,195,323,207,367
image-203.jpg,800,600,person,225,318,237,359
image-204.jpg,800,600,person,513,298,534,383
image-204.jpg,800,600,person,582,295,612,390
image-204.jpg,800,600,person,559,307,578,383
image-204.jpg,800,600,person,538,305,555,374
image-204.jpg,800,600,pole,477,11,514,404
image-204.jpg,800,600,vehicle,283,309,404,401
image-204.jpg,800,600,vehicle,243,323,286,358
image-204.jpg,800,600,person,31,306,45,372
image-204.jpg,800,600,person,63,309,86,363
image-204.jpg,800,600,person,144,315,159,361
image-205.jpg,800,600,vehicle,383,438,444,478
image-205.jpg,800,600,pole,387,371,391,451
image-206.jpg,800,600,pole,494,39,518,450
image-206.jpg,800,600,pole,466,250,479,396
image-207.jpg,800,600,pole,487,32,512,401
image-207.jpg,800,600,pole,336,328,345,395
image-207.jpg,800,600,pole,232,319,240,392
image-208.jpg,800,600,pole,108,91,128,390
image-208.jpg,800,600,vehicle,428,325,486,367
image-208.jpg,800,600,vehicle,347,332,374,353
image-209.jpg,800,600,pole,678,11,726,442
image-209.jpg,800,600,pole,667,120,689,372
image-209.jpg,800,600,pole,264,224,280,362
image-209.jpg,800,600,pole,283,243,296,341
image-209.jpg,800,600,vehicle,391,328,466,370
image-209.jpg,800,600,pole,607,201,620,352
image-21.jpg,800,600,vehicle,180,336,220,363
image-21.jpg,800,600,vehicle,221,317,261,346
image-210.jpg,800,600,pole,516,13,544,491
image-210.jpg,800,600,pole,81,225,94,490
image-210.jpg,800,600,vehicle,94,407,275,495
image-210.jpg,800,600,pole,347,387,358,485
image-211.jpg,800,600,pole,449,144,470,358
image-211.jpg,800,600,pole,102,126,127,368
image-211.jpg,800,600,pole,41,174,59,368
image-211.jpg,800,600,pole,426,268,443,342
image-211.jpg,800,600,tree,180,18,219,359
image-212.jpg,800,600,pole,172,143,190,309
image-212.jpg,800,600,pole,441,148,458,305
image-212.jpg,800,600,pole,656,220,663,325
image-212.jpg,800,600,person,118,255,151,310
image-212.jpg,800,600,person,188,280,200,308
image-212.jpg,800,600,person,210,279,223,305
image-212.jpg,800,600,vehicle,314,291,337,307
image-212.jpg,800,600,vehicle,352,294,370,308
image-212.jpg,800,600,vehicle,522,297,551,314
image-213.jpg,800,600,pole,513,248,527,351
image-213.jpg,800,600,pole,224,268,238,342
image-213.jpg,800,600,person,496,316,516,357
image-214.jpg,800,600,person,104,337,130,391
image-214.jpg,800,600,pole,16,140,53,391
image-215.jpg,800,600,pole,80,442,91,522
image-215.jpg,800,600,pole,96,384,105,532
image-215.jpg,800,600,pole,345,428,354,477
image-215.jpg,800,600,pole,143,422,152,490
image-215.jpg,800,600,vehicle,308,474,387,517
image-215.jpg,800,600,vehicle,240,488,287,522
image-215.jpg,800,600,vehicle,167,439,190,455
image-215.jpg,800,600,vehicle,389,460,426,477
image-216.jpg,800,600,pole,438,19,469,297
image-216.jpg,800,600,pole,261,34,281,256
image-216.jpg,800,600,pole,129,156,143,249
image-217.jpg,800,600,pole,497,193,510,370
image-217.jpg,800,600,pole,272,224,280,357
image-217.jpg,800,600,pole,125,85,143,361
image-217.jpg,800,600,pole,453,264,470,359
image-217.jpg,800,600,pole,252,269,261,355
image-218.jpg,800,600,pole,616,131,658,381
image-218.jpg,800,600,pole,230,243,242,354
image-218.jpg,800,600,pole,68,151,93,384
image-218.jpg,800,600,pole,480,247,501,352
image-219.jpg,800,600,pole,571,125,611,393
image-219.jpg,800,600,pole,428,225,438,359
image-219.jpg,800,600,pole,251,250,264,333
image-219.jpg,800,600,pole,31,189,45,330
image-219.jpg,800,600,pole,128,251,142,317
image-219.jpg,800,600,tree,486,7,526,379
image-22.jpg,800,600,vehicle,143,297,276,360
image-22.jpg,800,600,vehicle,598,323,612,345
image-22.jpg,800,600,vehicle,523,283,537,293
image-22.jpg,800,600,vehicle,580,312,591,321
image-220.jpg,800,600,vehicle,230,323,326,387
image-220.jpg,800,600,vehicle,319,321,355,352
image-220.jpg,800,600,vehicle,349,318,365,337
image-220.jpg,800,600,vehicle,400,314,414,331
image-220.jpg,800,600,pole,471,206,489,374
image-220.jpg,800,600,pole,309,253,322,325
image-221.jpg,800,600,vehicle,424,308,535,385
image-221.jpg,800,600,vehicle,498,242,518,260
image-221.jpg,800,600,pole,611,11,637,391
image-221.jpg,800,600,pole,230,189,259,369
image-221.jpg,800,600,pole,321,241,335,326
image-221.jpg,800,600,person,543,314,562,357
image-221.jpg,800,600,pole,472,231,481,322
image-23.jpg,800,600,vehicle,270,274,300,291
image-24.jpg,800,600,vehicle,171,245,240,296
image-24.jpg,800,600,vehicle,432,259,464,287
image-24.jpg,800,600,vehicle,77,262,148,301
image-24.jpg,800,600,vehicle,413,243,430,258
image-24.jpg,800,600,vehicle,241,258,267,277
image-24.jpg,800,600,vehicle,2,256,75,303
image-24.jpg,800,600,vehicle,363,242,374,258
image-24.jpg,800,600,vehicle,464,235,474,247
image-25.jpg,800,600,vehicle,557,312,677,389
image-25.jpg,800,600,vehicle,402,320,453,360
image-25.jpg,800,600,vehicle,498,318,512,345
image-25.jpg,800,600,vehicle,376,306,396,325
image-25.jpg,800,600,vehicle,484,318,493,338
image-25.jpg,800,600,tree,699,84,757,335
image-25.jpg,800,600,pole,199,255,210,334
image-25.jpg,800,600,pole,404,249,415,315
image-26.jpg,800,600,pole,337,237,352,350
image-26.jpg,800,600,pole,383,293,393,356
image-26.jpg,800,600,pole,400,315,407,359
image-27.jpg,800,600,vehicle,437,346,456,359
image-27.jpg,800,600,pole,304,153,314,335
image-27.jpg,800,600,pole,363,268,371,348
image-27.jpg,800,600,pole,378,304,383,355
image-28.jpg,800,600,pole,278,144,292,334
image-28.jpg,800,600,pole,326,259,335,342
image-28.jpg,800,600,vehicle,354,327,416,366
image-28.jpg,800,600,pole,673,184,688,354
image-29.jpg,800,600,vehicle,26,285,107,328
image-29.jpg,800,600,vehicle,236,256,257,273
image-29.jpg,800,600,vehicle,469,249,507,274
image-29.jpg,800,600,pole,578,164,606,306
image-29.jpg,800,600,pole,261,130,283,296
image-29.jpg,800,600,pole,295,189,303,259
image-3.jpg,800,600,pole,117,6,162,394
image-3.jpg,800,600,pole,571,169,593,349
image-3.jpg,800,600,pole,472,259,490,340
image-3.jpg,800,600,vehicle,397,328,427,351
image-3.jpg,800,600,vehicle,194,341,235,364
image-3.jpg,800,600,tree,228,7,282,378
image-3.jpg,800,600,tree,269,6,314,368
image-3.jpg,800,600,tree,326,25,364,362
image-31.jpg,800,600,pole,480,220,493,358
image-31.jpg,800,600,pole,150,103,164,352
image-31.jpg,800,600,pole,297,239,304,342
image-31.jpg,800,600,pole,349,281,356,339
image-31.jpg,800,600,pole,377,296,381,344
image-31.jpg,800,600,vehicle,392,331,411,345
image-31.jpg,800,600,vehicle,414,330,439,344
image-32.jpg,800,600,vehicle,381,323,429,356
image-32.jpg,800,600,vehicle,473,323,488,339
image-32.jpg,800,600,vehicle,492,322,515,342
image-32.jpg,800,600,pole,173,37,190,371
image-32.jpg,800,600,pole,383,222,389,322
image-33.jpg,800,600,pole,131,138,155,363
image-33.jpg,800,600,pole,210,227,232,346
image-33.jpg,800,600,vehicle,264,325,285,343
image-33.jpg,800,600,vehicle,297,322,319,340
image-33.jpg,800,600,vehicle,220,309,231,316
image-34.jpg,800,600,pole,185,216,201,383
image-34.jpg,800,600,pole,230,304,242,383
image-34.jpg,800,600,pole,250,314,258,380
image-34.jpg,800,600,vehicle,276,363,301,383
image-35.jpg,800,600,pole,291,193,303,356
image-35.jpg,800,600,pole,369,284,379,361
image-35.jpg,800,600,tree,435,291,447,361
image-35.jpg,800,600,vehicle,450,342,474,361
image-36.jpg,800,600,pole,325,11,368,454
image-36.jpg,800,600,pole,43,247,67,400
image-36.jpg,800,600,tree,185,289,199,405
image-37.jpg,800,600,pole,572,83,600,361
image-37.jpg,800,600,pole,691,103,716,354
image-37.jpg,800,600,pole,762,111,782,347
image-37.jpg,800,600,pole,709,199,719,336
image-37.jpg,800,600,pole,27,177,51,325
image-37.jpg,800,600,pole,156,227,166,330
image-37.jpg,800,600,tree,159,13,186,339
image-38.jpg,800,600,pole,226,139,244,361
image-38.jpg,800,600,pole,79,264,95,355
image-38.jpg,800,600,pole,196,292,207,348
image-38.jpg,800,600,tree,270,75,289,352
image-38.jpg,800,600,tree,317,151,333,347
image-38.jpg,800,600,vehicle,212,332,229,346
image-39.jpg,800,600,vehicle,467,296,633,394
image-39.jpg,800,600,vehicle,307,309,356,351
image-39.jpg,800,600,vehicle,361,318,383,334
image-39.jpg,800,600,tree,188,8,222,291
image-39.jpg,800,600,tree,238,8,259,302
image-39.jpg,800,600,tree,266,11,277,303
image-4.jpg,800,600,vehicle,484,312,558,364
image-4.jpg,800,600,vehicle,457,323,485,355
image-4.jpg,800,600,vehicle,392,328,416,351
image-4.jpg,800,600,vehicle,428,330,442,344
image-4.jpg,800,600,pole,616,115,638,367
image-4.jpg,800,600,tree,221,7,256,373
image-4.jpg,800,600,tree,303,61,323,358
image-4.jpg,800,600,tree,345,84,359,355
image-4.jpg,800,600,pole,282,174,298,366
image-4.jpg,800,600,pole,473,252,486,330
image-4.jpg,800,600,person,690,319,708,351
image-4.jpg,800,600,person,740,323,750,354
image-4.jpg,800,600,person,724,317,738,352
image-40.jpg,800,600,pole,634,47,666,399
image-40.jpg,800,600,pole,452,236,461,358
image-40.jpg,800,600,pole,716,248,724,353
image-40.jpg,800,600,pole,677,277,683,350
image-40.jpg,800,600,tree,62,5,95,352
image-40.jpg,800,600,tree,12,4,33,329
image-40.jpg,800,600,tree,231,65,252,346
image-40.jpg,800,600,tree,268,6,295,359
image-40.jpg,800,600,tree,386,142,400,341
image-40.jpg,800,600,tree,467,154,483,344
image-40.jpg,800,600,tree,580,302,590,334
image-40.jpg,800,600,tree,693,185,700,345
image-41.jpg,800,600,tree,40,6,92,361
image-41.jpg,800,600,tree,1,8,26,360
image-41.jpg,800,600,tree,294,173,316,347
image-41.jpg,800,600,tree,217,122,235,319
image-41.jpg,800,600,tree,266,144,281,349
image-41.jpg,800,600,person,111,313,131,369
image-41.jpg,800,600,person,133,313,151,370
image-41.jpg,800,600,person,179,316,199,368
image-41.jpg,800,600,person,212,320,222,363
image-41.jpg,800,600,person,224,322,238,354
image-41.jpg,800,600,vehicle,369,332,388,351
image-41.jpg,800,600,vehicle,391,331,407,345
image-41.jpg,800,600,pole,459,255,469,349
image-41.jpg,800,600,pole,472,260,481,353
image-42.jpg,800,600,person,238,230,261,301
image-42.jpg,800,600,person,452,219,465,247
image-42.jpg,800,600,person,671,235,681,264
image-42.jpg,800,600,vehicle,486,232,534,263
image-42.jpg,800,600,vehicle,590,218,616,241
image-42.jpg,800,600,pole,636,159,650,261
image-42.jpg,800,600,pole,431,142,454,267
image-43.jpg,800,600,vehicle,353,387,414,440
image-43.jpg,800,600,vehicle,303,398,333,422
image-43.jpg,800,600,vehicle,200,392,285,423
image-43.jpg,800,600,pole,116,215,139,445
image-43.jpg,800,600,pole,233,305,245,425
image-44.jpg,800,600,pole,248,203,267,355
image-44.jpg,800,600,pole,532,6,579,425
image-44.jpg,800,600,person,498,277,514,309
image-44.jpg,800,600,person,523,294,534,326
image-44.jpg,800,600,vehicle,448,239,466,255
image-45.jpg,800,600,pole,528,81,567,396
image-45.jpg,800,600,pole,209,203,221,360
image-45.jpg,800,600,pole,442,308,456,369
image-45.jpg,800,600,pole,290,315,303,366
image-45.jpg,800,600,pole,139,232,178,361
image-45.jpg,800,600,tree,498,170,512,314
image-46.jpg,800,600,pole,564,85,588,370
image-47.jpg,800,600,vehicle,5,229,217,395
image-47.jpg,800,600,pole,511,125,526,302
image-47.jpg,800,600,pole,299,175,311,286
image-47.jpg,800,600,pole,343,206,350,277
image-47.jpg,800,600,pole,464,192,471,285
image-47.jpg,800,600,pole,142,61,170,242
image-48.jpg,800,600,vehicle,143,302,268,382
image-48.jpg,800,600,pole,98,149,116,352
image-48.jpg,800,600,pole,568,138,591,369
image-48.jpg,800,600,pole,415,238,428,334
image-48.jpg,800,600,pole,257,236,267,332
image-48.jpg,800,600,pole,452,116,477,337
image-49.jpg,800,600,vehicle,4,234,470,521
image-49.jpg,800,600,person,675,340,697,381
image-49.jpg,800,600,pole,592,18,649,410
image-49.jpg,800,600,pole,539,151,571,373
image-5.jpg,800,600,pole,612,142,635,370
image-5.jpg,800,600,pole,355,208,375,359
image-5.jpg,800,600,pole,447,260,459,349
image-5.jpg,800,600,pole,573,251,588,349
image-5.jpg,800,600,person,681,329,690,351
image-5.jpg,800,600,person,716,327,725,359
image-5.jpg,800,600,person,707,327,717,351
image-5.jpg,800,600,vehicle,531,332,564,353
image-5.jpg,800,600,tree,505,244,514,341
image-50.jpg,800,600,pole,479,225,508,359
image-50.jpg,800,600,pole,171,148,188,379
image-50.jpg,800,600,person,37,324,67,368
image-50.jpg,800,600,pole,182,244,197,357
image-50.jpg,800,600,pole,323,271,335,354
image-50.jpg,800,600,pole,445,285,459,346
image-50.jpg,800,600,vehicle,356,332,389,353
image-50.jpg,800,600,vehicle,396,333,411,343
image-51.jpg,800,600,person,445,300,463,336
image-51.jpg,800,600,tree,650,8,675,315
image-52.jpg,800,600,pole,493,199,524,366
image-52.jpg,800,600,pole,434,282,448,349
image-52.jpg,800,600,pole,83,112,116,359
image-52.jpg,800,600,pole,146,209,158,366
image-52.jpg,800,600,pole,300,294,312,350
image-52.jpg,800,600,pole,224,262,244,355
image-52.jpg,800,600,pole,420,301,431,347
image-52.jpg,800,600,person,164,326,177,357
image-52.jpg,800,600,vehicle,355,334,373,348
image-52.jpg,800,600,pole,543,251,562,354
image-52.jpg,800,600,pole,573,254,581,356
image-52.jpg,800,600,tree,269,203,282,351
image-52.jpg,800,600,tree,254,216,262,350
image-53.jpg,800,600,vehicle,4,299,108,437
image-53.jpg,800,600,vehicle,100,307,257,404
image-53.jpg,800,600,vehicle,358,327,378,342
image-53.jpg,800,600,vehicle,400,328,407,338
image-53.jpg,800,600,person,755,303,774,395
image-53.jpg,800,600,person,770,308,797,394
image-53.jpg,800,600,pole,459,277,467,349
image-53.jpg,800,600,pole,108,116,136,339
image-53.jpg,800,600,pole,258,262,269,353
image-53.jpg,800,600,pole,197,211,224,322
image-53.jpg,800,600,pole,498,204,521,349
image-53.jpg,800,600,pole,312,262,329,346
image-54.jpg,800,600,pole,281,18,346,414
image-54.jpg,800,600,pole,207,12,272,366
image-54.jpg,800,600,pole,26,230,81,366
image-54.jpg,800,600,pole,162,182,193,359
image-55.jpg,800,600,pole,262,149,310,349
image-55.jpg,800,600,person,462,308,489,372
image-55.jpg,800,600,person,493,304,521,377
image-55.jpg,800,600,person,16,320,47,382
image-55.jpg,800,600,person,116,322,128,360
image-55.jpg,800,600,person,126,325,140,362
image-55.jpg,800,600,person,138,323,154,365
image-55.jpg,800,600,pole,226,277,248,344
image-55.jpg,800,600,pole,162,280,175,340
image-56.jpg,800,600,vehicle,352,301,569,431
image-56.jpg,800,600,person,129,306,152,359
image-56.jpg,800,600,pole,128,176,148,342
image-56.jpg,800,600,tree,82,10,112,351
image-56.jpg,800,600,tree,392,8,416,311
image-56.jpg,800,600,tree,438,3,455,301
image-57.jpg,800,600,pole,688,5,723,443
image-57.jpg,800,600,pole,374,212,388,356
image-57.jpg,800,600,pole,504,266,515,355
image-57.jpg,800,600,pole,466,304,478,348
image-57.jpg,800,600,tree,183,230,201,351
image-58.jpg,800,600,pole,654,7,695,429
image-58.jpg,800,600,pole,461,250,474,344
image-58.jpg,800,600,pole,370,294,378,343
image-58.jpg,800,600,vehicle,272,316,309,375
image-58.jpg,800,600,vehicle,378,328,402,344
image-58.jpg,800,600,vehicle,428,329,448,346
image-59.jpg,800,600,vehicle,395,330,420,349
image-59.jpg,800,600,vehicle,444,333,459,346
image-59.jpg,800,600,pole,296,235,311,354
image-59.jpg,800,600,pole,502,263,514,354
image-59.jpg,800,600,pole,328,216,336,351
image-59.jpg,800,600,pole,323,285,332,348
image-59.jpg,800,600,pole,461,281,473,354
image-59.jpg,800,600,pole,358,289,369,344
image-6.jpg,800,600,vehicle,498,319,586,379
image-6.jpg,800,600,vehicle,41,324,114,358
image-6.jpg,800,600,vehicle,205,328,248,353
image-6.jpg,800,600,person,631,327,644,355
image-6.jpg,800,600,person,664,326,682,356
image-6.jpg,800,600,pole,202,103,229,370
image-6.jpg,800,600,tree,264,7,288,367
image-6.jpg,800,600,tree,351,6,367,351
image-6.jpg,800,600,tree,335,140,347,347
image-6.jpg,800,600,tree,377,165,390,346
image-60.jpg,800,600,pole,488,201,519,364
image-60.jpg,800,600,pole,24,261,48,382
image-60.jpg,800,600,pole,66,275,80,368
image-60.jpg,800,600,pole,186,306,194,337
image-60.jpg,800,600,vehicle,169,340,217,363
image-60.jpg,800,600,vehicle,302,333,326,352
image-60.jpg,800,600,vehicle,250,338,264,350
image-60.jpg,800,600,tree,355,270,369,349
image-60.jpg,800,600,tree,333,294,346,351
image-61.jpg,800,600,pole,657,123,699,382
image-61.jpg,800,600,pole,469,282,486,350
image-61.jpg,800,600,pole,242,255,253,317
image-61.jpg,800,600,pole,185,218,201,345
image-61.jpg,800,600,vehicle,196,309,288,372
image-61.jpg,800,600,vehicle,350,327,376,346
image-61.jpg,800,600,person,597,315,612,365
image-61.jpg,800,600,person,616,315,631,365
image-61.jpg,800,600,person,740,307,765,385
image-62.jpg,800,600,person,538,328,554,365
image-62.jpg,800,600,person,560,327,579,373
image-62.jpg,800,600,person,619,324,637,373
image-62.jpg,800,600,person,506,331,516,362
image-62.jpg,800,600,pole,681,133,726,411
image-62.jpg,800,600,pole,592,165,631,391
image-62.jpg,800,600,tree,28,184,93,388
image-62.jpg,800,600,vehicle,122,324,259,408
image-62.jpg,800,600,vehicle,243,334,300,382
image-62.jpg,800,600,vehicle,331,337,359,356
image-62.jpg,800,600,vehicle,392,340,405,352
image-62.jpg,800,600,pole,440,304,450,355
image-62.jpg,800,600,pole,514,254,529,371
image-62.jpg,800,600,pole,474,292,489,364
image-63.jpg,800,600,pole,656,59,703,384
image-63.jpg,800,600,pole,517,235,533,350
image-63.jpg,800,600,pole,445,297,457,345
image-63.jpg,800,600,person,581,314,593,351
image-63.jpg,800,600,person,505,322,517,346
image-63.jpg,800,600,person,529,320,540,346
image-63.jpg,800,600,person,541,316,553,346
image-63.jpg,800,600,vehicle,386,334,416,356
image-63.jpg,800,600,tree,74,232,125,378
image-63.jpg,800,600,tree,227,284,245,365
image-63.jpg,800,600,pole,136,239,152,378
image-63.jpg,800,600,pole,173,255,189,371
image-63.jpg,800,600,pole,281,293,299,355
image-64.jpg,800,600,pole,321,261,335,422
image-64.jpg,800,600,pole,87,319,98,423
image-64.jpg,800,600,pole,114,327,123,399
image-64.jpg,800,600,vehicle,219,384,286,422
image-64.jpg,800,600,person,428,368,455,425
image-65.jpg,800,600,pole,488,197,504,370
image-65.jpg,800,600,pole,228,219,247,364
image-65.jpg,800,600,pole,242,110,269,351
image-65.jpg,800,600,vehicle,264,327,322,367
image-65.jpg,800,600,vehicle,343,325,368,364
image-65.jpg,800,600,vehicle,393,330,419,349
image-65.jpg,800,600,person,505,320,526,364
image-67.jpg,800,600,vehicle,405,311,507,377
image-67.jpg,800,600,vehicle,514,315,556,342
image-67.jpg,800,600,vehicle,124,318,195,344
image-67.jpg,800,600,pole,480,167,505,330
image-67.jpg,800,600,pole,113,176,125,349
image-67.jpg,800,600,pole,554,213,567,349
image-68.jpg,800,600,pole,440,151,474,370
image-68.jpg,800,600,pole,211,260,235,361
image-68.jpg,800,600,tree,128,147,190,378
image-69.jpg,800,600,pole,518,160,537,369
image-69.jpg,800,600,pole,279,239,293,359
image-69.jpg,800,600,pole,454,259,462,355
image-69.jpg,800,600,person,136,321,159,377
image-69.jpg,800,600,person,498,320,515,355
image-69.jpg,800,600,person,468,324,477,352
image-69.jpg,800,600,vehicle,378,332,393,344
image-7.jpg,800,600,tree,172,7,207,365
image-7.jpg,800,600,tree,323,9,348,359
image-7.jpg,800,600,tree,309,68,323,349
image-7.jpg,800,600,tree,369,96,385,349
image-7.jpg,800,600,tree,346,196,356,344
image-7.jpg,800,600,person,640,328,649,353
image-7.jpg,800,600,person,679,328,697,354
image-7.jpg,800,600,person,708,328,726,354
image-7.jpg,800,600,vehicle,401,332,417,346
image-70.jpg,800,600,vehicle,5,310,247,446
image-70.jpg,800,600,vehicle,240,322,319,378
image-70.jpg,800,600,vehicle,314,326,348,362
image-70.jpg,800,600,vehicle,402,330,428,351
image-70.jpg,800,600,vehicle,361,328,384,347
image-70.jpg,800,600,pole,548,113,579,361
image-70.jpg,800,600,pole,455,252,466,351
image-70.jpg,800,600,person,675,293,723,399
image-71.jpg,800,600,vehicle,278,326,343,373
image-71.jpg,800,600,pole,522,175,537,366
image-71.jpg,800,600,pole,224,156,236,372
image-71.jpg,800,600,tree,34,11,71,363
image-71.jpg,800,600,tree,180,307,197,362
image-71.jpg,800,600,person,480,328,494,356
image-71.jpg,800,600,person,466,328,474,355
image-71.jpg,800,600,person,497,330,504,353
image-72.jpg,800,600,pole,176,73,221,386
image-72.jpg,800,600,vehicle,13,354,106,406
image-72.jpg,800,600,tree,19,241,61,354
image-72.jpg,800,600,tree,90,315,115,370
image-73.jpg,800,600,pole,752,47,798,386
image-73.jpg,800,600,pole,662,73,698,375
image-73.jpg,800,600,pole,562,206,590,365
image-73.jpg,800,600,pole,504,270,519,350
image-73.jpg,800,600,pole,121,272,131,352
image-73.jpg,800,600,pole,138,280,145,351
image-73.jpg,800,600,tree,54,85,74,349
image-73.jpg,800,600,tree,280,216,297,320
image-73.jpg,800,600,person,638,315,658,360
image-73.jpg,800,600,person,74,327,89,354
image-73.jpg,800,600,person,26,330,40,354
image-73.jpg,800,600,vehicle,158,331,196,353
image-73.jpg,800,600,vehicle,216,330,247,353
image-73.jpg,800,600,vehicle,366,330,388,348
image-73.jpg,800,600,vehicle,198,333,214,353
image-73.jpg,800,600,vehicle,319,332,332,343
image-73.jpg,800,600,vehicle,345,334,359,346
image-73.jpg,800,600,person,755,306,774,371
image-74.jpg,800,600,pole,526,200,545,371
image-74.jpg,800,600,pole,455,265,467,356
image-74.jpg,800,600,pole,428,249,440,298
image-74.jpg,800,600,tree,33,8,93,328
image-74.jpg,800,600,tree,131,6,173,331
image-74.jpg,800,600,tree,197,41,229,332
image-74.jpg,800,600,tree,286,189,304,339
image-74.jpg,800,600,tree,310,193,321,313
image-74.jpg,800,600,tree,329,200,342,280
image-75.jpg,800,600,pole,233,56,258,370
image-75.jpg,800,600,pole,414,215,429,328
image-75.jpg,800,600,pole,520,272,529,320
image-75.jpg,800,600,person,722,306,749,369
image-75.jpg,800,600,person,585,313,600,344
image-75.jpg,800,600,person,573,305,582,328
image-75.jpg,800,600,vehicle,493,307,517,322
image-75.jpg,800,600,person,151,318,164,345
image-75.jpg,800,600,pole,290,275,300,322
image-75.jpg,800,600,pole,332,282,343,322
image-76.jpg,800,600,pole,764,185,800,459
image-76.jpg,800,600,pole,482,300,499,418
image-76.jpg,800,600,pole,381,306,393,347
image-76.jpg,800,600,tree,571,206,600,414
image-76.jpg,800,600,tree,231,218,250,376
image-76.jpg,800,600,tree,250,254,269,358
image-76.jpg,800,600,tree,293,251,307,330
image-77.jpg,800,600,pole,567,274,594,391
image-78.jpg,800,600,vehicle,421,366,495,412
image-78.jpg,800,600,pole,694,296,708,378
image-78.jpg,800,600,pole,313,238,338,388
image-78.jpg,800,600,pole,133,220,148,402
image-78.jpg,800,600,pole,172,277,181,345
image-78.jpg,800,600,pole,705,219,723,406
image-79.jpg,800,600,pole,279,216,299,364
image-79.jpg,800,600,pole,424,292,434,362
image-79.jpg,800,600,vehicle,314,339,354,367
image-79.jpg,800,600,vehicle,401,354,416,367
image-8.jpg,800,600,tree,148,9,214,399
image-8.jpg,800,600,tree,257,15,283,356
image-8.jpg,800,600,tree,367,82,383,350
image-8.jpg,800,600,vehicle,467,326,517,361
image-8.jpg,800,600,vehicle,440,330,454,342
image-80.jpg,800,600,pole,459,216,472,361
image-80.jpg,800,600,vehicle,362,334,392,352
image-80.jpg,800,600,vehicle,414,330,445,353
image-81.jpg,800,600,vehicle,151,313,273,397
image-81.jpg,800,600,vehicle,400,312,573,413
image-81.jpg,800,600,vehicle,362,317,414,359
image-81.jpg,800,600,pole,219,174,241,316
image-81.jpg,800,600,pole,602,193,617,358
image-81.jpg,800,600,vehicle,350,318,375,347
image-82.jpg,800,600,vehicle,301,328,374,373
image-83.jpg,800,600,vehicle,397,253,476,311
image-83.jpg,800,600,vehicle,375,230,418,263
image-83.jpg,800,600,vehicle,319,208,362,235
image-83.jpg,800,600,vehicle,281,201,307,222
image-83.jpg,800,600,pole,251,142,267,252
image-83.jpg,800,600,pole,440,163,454,216
image-83.jpg,800,600,pole,242,120,256,242
image-84.jpg,800,600,pole,65,203,93,341
image-84.jpg,800,600,pole,49,256,66,339
image-84.jpg,800,600,person,737,277,786,372
image-84.jpg,800,600,pole,213,151,240,342
image-84.jpg,800,600,pole,97,212,114,334
image-85.jpg,800,600,pole,126,73,176,375
image-85.jpg,800,600,pole,259,229,268,338
image-85.jpg,800,600,pole,288,262,297,339
image-85.jpg,800,600,pole,443,250,453,344
image-85.jpg,800,600,pole,462,265,477,349
image-85.jpg,800,600,pole,405,268,416,344
image-85.jpg,800,600,person,503,318,524,356
image-85.jpg,800,600,vehicle,305,313,340,340
image-85.jpg,800,600,vehicle,329,299,348,313
image-86.jpg,800,600,pole,528,146,551,359
image-86.jpg,800,600,pole,239,230,251,353
image-86.jpg,800,600,pole,453,251,464,345
image-86.jpg,800,600,vehicle,398,328,411,342
image-87.jpg,800,600,vehicle,383,340,440,391
image-87.jpg,800,600,pole,141,153,153,379
image-87.jpg,800,600,pole,471,259,485,378
image-87.jpg,800,600,pole,305,323,315,385
image-88.jpg,800,600,pole,185,9,269,375
image-88.jpg,800,600,pole,603,163,623,240
image-88.jpg,800,600,pole,721,101,736,302
image-88.jpg,800,600,person,536,56,557,94
image-88.jpg,800,600,pole,485,146,504,203
image-88.jpg,800,600,vehicle,555,199,600,222
image-89.jpg,800,600,vehicle,404,314,455,399
image-89.jpg,800,600,pole,250,132,280,374
image-89.jpg,800,600,pole,81,7,117,393
image-89.jpg,800,600,tree,302,10,326,361
image-89.jpg,800,600,tree,424,4,444,337
image-89.jpg,800,600,tree,475,197,489,349
image-89.jpg,800,600,tree,459,201,474,347
image-89.jpg,800,600,tree,496,209,505,346
image-9.jpg,800,600,vehicle,585,308,797,406
image-9.jpg,800,600,vehicle,11,332,104,378
image-9.jpg,800,600,vehicle,290,325,320,347
image-9.jpg,800,600,vehicle,212,325,236,337
image-90.jpg,800,600,tree,129,9,170,375
image-90.jpg,800,600,tree,309,5,338,370
image-90.jpg,800,600,tree,356,83,370,349
image-90.jpg,800,600,person,614,327,626,351
image-90.jpg,800,600,person,687,325,698,355
image-90.jpg,800,600,person,745,322,758,359
image-90.jpg,800,600,vehicle,425,331,451,347
image-90.jpg,800,600,vehicle,396,330,416,347
image-90.jpg,800,600,vehicle,258,331,281,346
image-90.jpg,800,600,tree,329,131,340,341
image-90.jpg,800,600,tree,290,84,305,350
image-91.jpg,800,600,tree,238,8,296,391
image-91.jpg,800,600,tree,366,98,382,350
image-91.jpg,800,600,vehicle,386,318,434,363
image-91.jpg,800,600,vehicle,431,328,445,344
image-92.jpg,800,600,vehicle,285,326,319,350
image-93.jpg,800,600,vehicle,317,333,343,356
image-93.jpg,800,600,vehicle,196,343,209,357
image-94.jpg,800,600,vehicle,268,316,287,341
image-94.jpg,800,600,vehicle,398,317,436,335
image-94.jpg,800,600,pole,566,303,573,338
image-95.jpg,800,600,pole,424,289,434,318
image-95.jpg,800,600,vehicle,270,307,290,323
image-95.jpg,800,600,vehicle,295,309,320,328
image-96.jpg,800,600,vehicle,39,347,134,387
image-97.jpg,800,600,vehicle,200,216,217,234
image-97.jpg,800,600,vehicle,381,269,405,291
image-98.jpg,800,600,vehicle,420,308,509,377
image-99.jpg,800,600,vehicle,40,253,176,338
image-99.jpg,800,600,vehicle,185,301,242,328
image-99.jpg,800,600,vehicle,307,306,343,328
image-99.jpg,800,600,vehicle,431,312,473,346
